{"cameraMode":{"drawMode":0,"name":"Shaded","section":"Shading Mode"},"sceneLighting":true,"audioPlay":false,"sceneViewState":{"m_AlwaysRefresh":false,"showFog":true,"showSkybox":true,"showFlares":true,"showImageEffects":true,"showParticleSystems":true,"showVisualEffectGraphs":true,"m_FxEnabled":true},"in2DMode":false,"pivot":{"x":-30.812788009643556,"y":103.23644256591797,"z":110.23084259033203},"rotation":{"x":-0.0023482705000787975,"y":-0.9960805177688599,"z":0.08418016880750656,"w":-0.028109336271882058},"size":87.7215805053711,"orthographic":false}